,ACCT280,"Maas, Jayne D.",001,THUR 412,09:30 - 10:45,WF
10433,ACCT280,"Winterbotham, Glyn J.",002,THUR 101,12:30 - 01:45 PM,TR
10478,ACCT280,"Winterbotham, Glyn J.",003,THUR 100,02:00 - 03:15 PM,TR
10489,ACCT280,"Maas, Jayne D.",004,THUR 412,11:00 - 12:15 PM,WF
10490,ACCT280,"Coleman, Clarence",005,THUR 100,05:00 - 06:15 PM,MW
10436,ACCT280,"Coleman, Clarence",006,THUR 100,12:30 - 01:45 PM,MW
12273,ACCT281,"Alvis, Charles E.",001,CARR 221,09:30 - 10:45,TR
12274,ACCT281,"Cordis, Adriana S.",002,THUR 408,09:30 - 10:45,MW
10492,ACCT281,"Cordis, Adriana S.",003,THUR 408,11:00 - 12:15 PM,MW
10155,ANTH201,"Osborne, Susan R.",001,KINA 315,08:00 - 09:15,TR
10156,ANTH201,"Osborne, Susan R.",002,KINA 315,09:30 - 10:45,TR
10158,ANTH201,"Osborne, Susan R.",003,KINA 315,02:00 - 03:15 PM,TR
10159,ANTH201,"Chacon, Richard J.",004,KINA 018,08:00 - 09:15,TR
11472,ANTH201,"Bowers, Hugh H.",005,INTR 000,,TBA
12172,ANTH201,"Bowers, Hugh H.",006,KINA 101,06:30 - 09:15 PM,T
10245,ARTH175,"Dufresne, Laura J.",002,RUTL 119,12:30 - 01:45 PM,TR
10246,ARTH175,"Olson, Karen M.",003,OWEN G01,06:30 - 07:45 PM,MW
12277,ARTH175,"Paulino, Maria C.",004,RUTL 119,05:00 - 06:15 PM,TR
12476,ARTH175H,"Paulino, Maria C.",001,RUTL 119,05:00 - 06:15 PM,TR
10247,ARTH176,"Burke, Kathleen A.",001,RUTL 119,11:00 - 12:15 PM,MW
11305,ARTH176,"Stock, Karen A.",002,RUTL 119,03:30 - 04:45 PM,MW
11380,ARTH176,"Burke, Kathleen A.",003,RUTL 119,09:30 - 10:45,MW
10712,BIOL150,"Neilson, Charles F.",001,SIMS 112,09:00 - 09:50,MWF
10713,BIOL150,"Neilson, Charles F.",002,SIMS 112,10:00 - 10:50,MWF
10714,BIOL150,"Watts, Mirian",003,SIMS 112,11:00 - 12:15 PM,MW
10715,BIOL150,"Curry, Deborah R.",004,SIMS 111,09:30 - 10:45,MW
10716,BIOL150,"Curry, Deborah R.",005,SIMS 112,02:00 - 03:15 PM,MW
10717,BIOL150,"Fields, Steven E.",006,SIMS 112,05:00 - 06:15 PM,MW
10718,BIOL150,"Neilson, Charles F.",007,SIMS 215,09:30 - 10:45,TR
10719,BIOL150,"Curry, Deborah R.",008,SIMS 112,12:30 - 01:45 PM,TR
10720,BIOL150,"Curry, Deborah R.",009,SIMS 111,02:00 - 03:15 PM,TR
10721,BIOL150,"Burd, William D.",010,OWEN 102,03:30 - 04:45 PM,TR
12015,BIOL150,"Neilson, Charles F.",011,SIMS 111,02:00 - 03:15 PM,MW
12016,BIOL150,"Watts, Mirian",012,SIMS 112,03:30 - 04:45 PM,MW
11579,BIOL200,"Dimaculangan, Dwight D.",001,INTR 000,,TBA
10733,BIOL202,"Glasscock, Laura N.",001,SIMS 215,05:00 - 06:15 PM,M
10734,BIOL202,"Dimaculangan, Dwight D.",002,SIMS 215,05:00 - 06:15 PM,W
10742,BIOL204,"McCulloch, Anita A.",001,OWEN 102,11:00 - 12:15 PM,MW
10743,BIOL204,"Dimaculangan, Dwight D.",002,KINA 018,12:30 - 01:45 PM,MW
10744,BIOL204,"Glasscock, Laura N.",003,SIMS 215,11:00 - 12:15 PM,MW
10745,BIOL204,"Westover, Kristi M.",004,SIMS 215,12:30 - 01:45 PM,TR
12670,BIOL204,"McCulloch, Anita A.",01E,OWEN 102,11:00 - 12:15 PM,MW
12671,BIOL204,"Dimaculangan, Dwight D.",02E,KINA 018,12:30 - 01:45 PM,MW
12672,BIOL204,"Glasscock, Laura N.",03E,SIMS 215,11:00 - 12:15 PM,MW
12673,BIOL204,"Westover, Kristi M.",04E,SIMS 215,12:30 - 01:45 PM,TR
10746,BIOL204H,"Chism, Janice L.",001,SIMS 113C,09:30 - 10:45,TR
10747,BIOL205,"Grubbs, Kunsiri C.",001,OWEN 104,09:30 - 10:45,MW
10748,BIOL205,"McCulloch, Anita A.",002,SIMS 113B,09:30 - 10:45,TR
10750,BIOL206,"Mitchell, Paula L.",001,DALT 339,02:00 - 03:15 PM,TR
10751,BIOL206,"Watts, Mirian",002,DALT 339,03:30 - 04:45 PM,TR
11757,BIOL206,"Phillips, Peter C.",003,DALT 339,09:30 - 10:45,TR
10749,BIOL206H,"Rogers, William",001,DALT 339,02:00 - 03:15 PM,MW
10756,BIOL 308,"Evans-Anderson, Heather",001,OWEN G01,2:00-3:15,MW
10757,BIOL 308,"Evans-Anderson, Heather",002,OWEN G01,2:00-3:15,MW
10163,CHEM104,"Kull, Kristen R.",001,SIMS 105,08:00 - 09:15,F
10164,CHEM104,"McIntosh, Forrest G.",002,SIMS 209,02:00 - 03:15 PM,T
10165,CHEM104,"McIntosh, Forrest G.",003,SIMS 209,02:00 - 03:15 PM,R
11164,CHEM104,"Parker, Chasta",004,OWEN G01,09:30 - 10:45,M
11505,CHEM104,"Parker, Chasta",005,OWEN G01,09:30 - 10:45,W
12530,CHEM104,"Owens, Patrick M.",006,SIMS 105,12:30 - 01:45 PM,TR
10166,CHEM105,"Lammi, Robin K.",001,SIMS 105,08:00 - 09:15,MW
10167,CHEM105,"Harris, Clifton T.",002,SIMS 105,03:30 - 04:45 PM,MW
10168,CHEM105,"Grossoehme, Nicholas E.",003,SIMS 209,08:00 - 09:15,MW
11670,CHEM105,"Snyder, Kathie A.",004,SIMS 105,09:30 - 10:45,MW
10169,CHEM106,"Parker, Chasta",001,OWEN G01,08:00 - 09:15,MW
10170,CHEM106,"Sumter, Takita F.",002,SIMS 209,09:30 - 10:45,TR
10421,ECON103,"Stonebraker, Robert J.",001,THUR 413,12:30 - 01:45 PM,TR
10495,ECON103,"Stonebraker, Robert J.",002,THUR 413,02:00 - 03:15 PM,TR
12645,ECON103,"Walters, James W.",003,THUR 308,12:30 - 01:45 PM,TR
10420,ECON215,"Stonebraker, Robert J.",001,THUR 413,09:30 - 10:45,MW
10435,ECON215,"Pantuosco, Louis J.",002,THUR 306,02:00 - 03:15 PM,TR
10439,ECON215,"Sturgis, Laura R.",003,THUR 312,05:00 - 06:15 PM,MW
10483,ECON215,"Pantuosco, Louis J.",004,THUR 312,08:00 - 09:15,TR
10498,ECON215,"Stone, Gary L.",005,THUR 210,02:00 - 03:15 PM,MW
12471,ECON215H,"Stone, Gary L.",001,THUR 210,02:00 - 03:15 PM,MW
10494,ECON216,"Ullrich, Laura D.",001,THUR 306,02:00 - 03:15 PM,MW
10491,ECON216,"Lewis, Willis",002,THUR 312,12:30 - 01:45 PM,TR
10437,ECON216,"Lewis, Willis",003,THUR 312,03:30 - 04:45 PM,TR
12472,ECON216H,"Ullrich, Laura D.",001,THUR 306,02:00 - 03:15 PM,MW
10802,FREN101,"Shen, Jialin",001,KINA 316,08:00 - 08:50,MTWR
12407,FREN101,"Mauffray, Laure",002,OWEN 204,02:00 - 02:50 PM,MTWR
10803,FREN101,"Evans, Elizabeth J.",003,OWEN 103,05:00 - 06:45 PM,MW
10804,FREN102,"Shen, Jialin",001,KINA 312,10:00 - 10:50,MW
10805,FREN102,"Mauffray, Laure",002,KINA 119,12:30 - 01:20 PM,MTWR
11422,FREN102,"Mauffray, Laure",003,KINA 219,03:30 - 04:20 PM,MTWR
10807,GERM101,"Orr, Richard W.",001,KINA 307,06:30 - 07:20 PM,MTWR
11049,HIST111,"Bell, Gregory D.",001,KINA 115,11:00 - 12:15 PM,MW
11050,HIST111,"Bell, Gregory D.",002,KINA 115,02:00 - 03:15 PM,MW
11786,HIST111,"Bell, Gregory D.",003,KINA 115,09:30 - 10:45,TR
11787,HIST112,"Chang, Chia-Lan",001,KINA 115,03:30 - 04:45 PM,TR
12230,HIST113,"Pretty, Dave",001,KINA 204,08:00 - 08:50,MWF
12231,HIST113,"Pretty, Dave",002,KINA 204,09:00 - 09:50,MWF
11051,HIST211,"Rakestraw, Donald A.",001,KINA 207,09:30 - 10:45,MW
11052,HIST211,"Rakestraw, Donald A.",002,KINA 316,12:30 - 01:45 PM,MW
11053,HIST211,"Lee, Joseph E.",003,KINA 215,08:00 - 08:50,MWF
11054,HIST211,"Mitchell, David T.",004,OWEN G01,02:00 - 03:15 PM,TR
11055,HIST211,"Mitchell, David T.",005,OWEN G01,03:30 - 04:45 PM,TR
11056,HIST211,"Silverman, Jason H.",006,OWEN G02,02:00 - 03:15 PM,MW
11057,HIST211,"Williams, Virginia S.",007,KINA 207,09:30 - 10:45,TR
11063,HIST211,"Williams, Virginia S.",008,KINA 207,12:30 - 01:45 PM,TR
12232,HIST211,"Williams, Virginia S.",009,KINA 207,03:30 - 04:45 PM,MW
12233,HIST211,"Mitchell, David T.",010,OWEN 203,03:30 - 04:45 PM,MW
11058,HIST212,"Doyle, Leo A.",001,KINA 115,12:30 - 01:45 PM,TR
11059,HIST212,"Doyle, Leo A.",002,KINA 207,02:00 - 03:15 PM,MW
10980,MATH101,"Wilkes, Jane R.",001,SIMS 114,12:30 - 01:45 PM,MW
10983,MATH105,"Coleman, Iris C.",001,KINA 115,08:00 - 09:15,MW
10982,MATH105,"Coleman, Iris C.",002,KINA 115,09:30 - 10:45,MW
10985,MATH105,"Abernathy, Zachary J.",003,KINA 302,09:30 - 10:45,TR
10984,MATH105,"Howle, Christopher A.",004,OWEN 103,06:30 - 07:45 PM,TR
10986,MATH141,"Brooks, Gary T.",001,OWEN 203,09:30 - 10:45,MW
12283,MATH141,"Pullano, Frank B.",002,OWEN 103,02:00 - 03:15 PM,TR
10995,MATH150,"Wiegand, Rudolf P.",001,KINA 101,08:00 - 08:50,MWF
10996,MATH150,"Wiegand, Rudolf P.",002,KINA 302,09:00 - 09:50,MWF
10997,MATH150,"Wilkes, Jane R.",003,KINA 201,09:00 - 09:50,MWF
10998,MATH150,"Wiegand, Rudolf P.",004,KINA 204,10:00 - 10:50,MWF
11000,MATH150,,005,OWEN 103,11:00 - 11:50,MWF
10989,MATH150,"Wilkes, Jane R.",006,KINA 302,11:00 - 11:50,MWF
10990,MATH150,"Cardinale, Betty R.",007,OWEN 202,12:30 - 01:20 PM,MWF
10991,MATH150,"Hipp, Brian C.",008,OWEN 103,08:00 - 09:15,MW
10992,MATH150,,009,OWEN 204,09:30 - 10:45,MW
10993,MATH150,"Pullano, Frank B.",010,OWEN 103,02:00 - 03:15 PM,MW
11001,MATH150,,011,KINA 302,05:00 - 06:15 PM,MW
10994,MATH150,"Coleman, Iris C.",012,KINA 305,08:00 - 09:15,TR
10988,MATH150,"Coleman, Iris C.",013,KINA 305,09:30 - 10:45,TR
10987,MATH150,"Abernathy, Kristen K.",014,KINA 102,12:30 - 01:45 PM,TR
10999,MATH150,"Hamm, Jessica A.",015,SIMS 215,02:00 - 03:15 PM,TR
12012,MATH150,"Cardinale, Betty R.",016,OWEN 103,03:30 - 04:45 PM,TR
12014,MATH150,"Howle, Christopher A.",017,INTR 000,,TBA
11290,MATH150H,"Rusinko, Joseph P.",001,KINA 204,09:30 - 10:45,TR
11003,MATH151,"Lee, Heakyung",001,KINA 119,09:30 - 10:45,MW
11005,MATH151,"Altman, Nanette N.",002,KINA 315,02:00 - 03:15 PM,MW
11002,MATH151,"Tolson, Suzanne T.",003,KINA 204,05:00 - 07:30 PM,W
11811,MATH151,,004,KINA 207,02:00 - 03:15 PM,TR
12289,MATH151,"Howle, Christopher A.",005,OWEN 103,05:00 - 06:15 PM,TR
11006,MATH201,"Hamm, Jessica A.",001,KINA 305,09:30 - 10:45,MWF
11007,MATH201,"Hamm, Jessica A.",002,OWEN 104,11:00 - 12:15 PM,MWF
11291,MATH201H,"Hamm, Jessica A.",001,KINA 305,09:30 - 10:45,MWF
11292,MATH201H,"Hamm, Jessica A.",002,OWEN 104,11:00 - 12:15 PM,MWF
11012,MATH291,"Sjostrom, Mary P.",001,KINA 312,02:00 - 03:15 PM,MW
11011,MATH291,"Sjostrom, Mary P.",002,OWEN 203,11:00 - 12:15 PM,MW
12290,MATH291,"Costner, Beth G.",003,KINA 207,05:00 - 06:15 PM,TR
10952,NUTR221,"Weikle, Elizabeth A.",001,SIMS 112,12:30 - 01:45 PM,MW
10953,NUTR221,"Ngo, Lacy B.",002,SIMS 111,05:00 - 07:45 PM,M
10954,NUTR221,"Henderson, Lauren J.",003,OWEN G02,12:30 - 03:15 PM,T
10955,NUTR221,"Weikle, Elizabeth A.",004,SIMS 112,08:00 - 09:15,TR
10956,NUTR221,"Thomas, Judy H.",005,OWEN 201,02:00 - 03:15 PM,TR
10957,NUTR221,"Weikle, Elizabeth A.",006,SIMS 112,02:00 - 03:15 PM,TR
10958,NUTR221,"Weikle, Elizabeth A.",007,SIMS 112,03:30 - 04:45 PM,TR
11621,NUTR221,"Goodner, Christine H.",008,OWEN 202,02:00 - 03:15 PM,MW
12346,NUTR221,"Strother-Davis, Mildred",009,OWEN 202,05:00 - 07:45 PM,W
10217,PHYS250,"Lipinski, Thomas J.",001,SIMS 209,02:00 - 03:15 PM,MW
10218,PHYS250,"Lipinski, Thomas J.",002,SIMS 209,03:30 - 04:45 PM,MW
12557,PHYS250,"Lipinski, Thomas J.",003,SIMS 209,02:00 - 03:15 PM,MW
12558,PHYS250,"Lipinski, Thomas J.",004,SIMS 209,03:30 - 04:45 PM,MW
10126,PLSC201,"Belk, Adolphus G.",001,KINA 211,09:30 - 10:45,TR
10127,PLSC201,"Lipscomb, Michael E.",002,KINA 018,11:00 - 12:15 PM,MW
10128,PLSC201,"Holder, John",003,KINA 101,06:30 - 09:15 PM,M
10129,PLSC201,"Smith, Stephen S.",004,KINA 018,03:30 - 04:45 PM,TR
10130,PLSC201,"Petersheim, Meredith-Joy",005,INTR 000,,TBA
10131,PLSC201H,"Moyon, Katarina D.",001,KINA 119,11:00 - 12:15 PM,WF
11067,PSYC101,"Nelson, Donna W.",001,OWEN G01,09:30 - 10:45,TR
11068,PSYC101,"Ritzer, Darren R.",002,KINA 018,10:00 - 10:50,MWF
11069,PSYC101,"Brown, Eurnestine",003,KINA 316,12:30 - 01:45 PM,TR
11070,PSYC101,"Anschuetz-Jeffers, Heather N.",004,KINA 102,05:00 - 06:15 PM,TR
11071,PSYC101,"McKemy, Mary E.",005,INTR 000,,TBA
11072,PSYC101,"Reiland, Sarah A.",006,OWEN 201,03:30 - 04:45 PM,TR
11073,PSYC101,"Brown, Eurnestine",007,KINA 102,02:00 - 03:15 PM,TR
11578,PSYC101,"Evans, Victoria P.",008,DINK AUD,02:00 - 04:45 PM,MW
12047,PSYC101,"Hayes, Matthew W.",009,KINA 302,12:30 - 01:45 PM,MW
11074,PSYC101H,"Lyon, Kathy A.",001,CTYD 136,03:30 - 04:45 PM,TR
10411,QMTH205,"McKim, James C.",001,THUR 306,12:30 - 01:45 PM,MW
10456,QMTH205,"Cao, Qidong",002,THUR 408,12:30 - 01:45 PM,TR
10457,QMTH205,"Cao, Qidong",003,THUR 412,03:30 - 04:45 PM,TR
10485,QMTH205,"Cao, Qidong",004,THUR 210,05:00 - 06:15 PM,MW
10406,QMTH206,"Morris, Richard L.",001,THUR 412,12:30 - 01:45 PM,MW
10472,QMTH206,"Morris, Richard L.",002,THUR 306,03:30 - 04:45 PM,MW
10474,QMTH206,"Morris, Richard L.",003,THUR 306,05:00 - 06:15 PM,MW
11034,RELG300,"Kiblinger, Kristin B.",001,KINA 205,12:30 - 01:45 PM,MW
11035,RELG300,"Kiblinger, Kristin B.",002,KINA 018,02:00 - 03:15 PM,MW
10142,SOCL101,"Solomon, John P.",001,KINA 018,12:30 - 01:45 PM,TR
10141,SOCL201,"Chananie, Ruth A.",001,INTR 000,,TBA
10148,SOCL201,"Aysa-Lastra, Maria",002,KINA 312,03:30 - 04:45 PM,MW
10150,SOCL201,"Tripp, Bradley G.",003,KINA 018,09:30 - 10:45,TR
10154,SOCL201,"Solomon, Jennifer C.",004,KINA 207,11:00 - 12:15 PM,MW
12229,SOCL201,"Miller, Owen A.",005,OWEN G01,08:00 - 09:15,TR
12590,SOCL201,"Chananie, Ruth A.",006,INTR 000,,TBA
10143,SOCL316,"Marx, Jonathan I.",001,KINA 206,09:00 - 09:50,MWF
10144,SOCL316,"Marx, Jonathan I.",002,KINA 206,09:00 - 09:50,MWF
10812,SPAN101,,001,,,TBA
10813,SPAN101,"Carrillo, Natacha L.",002,KINA 201,10:00 - 10:50,MW
10814,SPAN101,"Morris, Concetta",003,KINA 101,10:00 - 10:50,MW
10815,SPAN101,"Mansueti-Uricoechea, Victoria E.",004,KINA 301,12:30 - 01:20 PM,MTWR
10816,SPAN101,"Morris, Concetta",005,KINA 302,08:00 - 08:50,MTWR
10817,SPAN101,"Carrillo, Natacha L.",006,KINA 302,02:00 - 02:50 PM,MTWR
12439,SPAN101,"Carrillo, Natacha L.",007,KINA 302,03:30 - 04:20 PM,MTWR
11130,SPAN101,"Rodriguez, Charlene G.",008,KINA 301,03:30 - 05:15 PM,TR
10818,SPAN101,"Mansueti-Uricoechea, Victoria E.",009,KINA 201,03:30 - 04:20 PM,MTWR
10819,SPAN101,"Bird, Pamela J.",010,KINA 119,06:30 - 08:15 PM,MW
10820,SPAN102,"Rodriguez, Charlene G.",001,KINA 201,08:00 - 08:50,MTWR
10825,SPAN102,"Rodriguez, Charlene G.",002,KINA 302,10:00 - 10:50,MW
10821,SPAN102,"Dattilio, Paola",003,KINA 305,12:30 - 01:20 PM,MTWR
10822,SPAN102,"Carrillo, Natacha L.",004,KINA 308,12:30 - 01:20 PM,MTWR
11324,SPAN102,"Hegel, Darlene M.",005,KINA 301,02:00 - 02:50 PM,MTWR
10823,SPAN102,"Dattilio, Paola",006,KINA 305,02:00 - 02:50 PM,MTWR
10824,SPAN102,"Hegel, Darlene M.",007,OWEN 204,05:00 - 06:45 PM,MW
10826,SPAN 201,Uricoechea,001,KINA 308,10:00-11:15,MW
10827,SPAN 201,Uricoechea,002,KINA 115,2:00-3:15,TR
